Id,VcsUrl,Repo,JobName,Preview Link,Pattern,subtype,Remark_1,Inspection_2,,Remark_2,Count/Month,Count,Original order,formalizedResults_1,formalizedResults_2,formalizedResults,agreed,,,,,,
38290,https://github.com/envoyproxy/envoy,envoyproxy/envoy,format,format,no,,,no,,no acceleration,1227,17126,1,no,no,no,agreed,agreed:,,,,,
38858,https://github.com/qlik-oss/after-work.js,qlik-oss/after-work.js,test-protractor,test-protractor,yes,Pattern1,restore_cache: *restore_yarn_cache (https://circleci.com/docs/configuration-reference/#restorecache),pat1,cache,has yarn cache,203,700,2,no,no,no,agreed,310,,,,,
55049,https://github.com/apollographql/apollo-link,apollographql/apollo-link,Apollo Link Schema,Apollo Link Schema,no,,dependency cache (https://circleci.com/docs/caching/),no,,"attach_workspace shares data between jobs, not builds",338,1328,3,no,no,no,agreed,conflicted:,,,,,
32351,https://github.com/facebook/jest,facebook/jest,test-or-deploy-website,test-or-deploy-website,no,,yarn cashe: cache-path: ~/.yarn/berry/cache,no,,,735,9517,4,no,no,no,agreed,22,,,,,
44401,https://github.com/pytorch/vision,pytorch/vision,binary_linux_wheel_py3.8_cpu,binary_linux_wheel_py3.8_cpu,no,,"nightly or cron: ""0 10 * * 0""",no,,,620,3551,5,no,no,no,agreed,,,,,,
36143,https://github.com/rubocop-hq/rubocop,rubocop-hq/rubocop,jruby-9.2-ascii_spec,jruby-9.2-ascii_spec,no,,test_queue (https://github.com/tmm1/test-queue#environment-variables),no,,,386,6526,6,no,no,no,agreed,no:,,,,,
48734,https://github.com/facebook/buck,facebook/buck,macos_test_android_ndk_16,macos_test_android_ndk_16,no,,"# Exclude some long running tests, otherwise CircleCI will timeout after 5 hours.",no,,,220,1045,7,no,no,no,agreed,324,,,,,
43372,https://github.com/googleapis/gapic-generator-typescript,googleapis/gapic-generator-typescript,lint,lint,no,,,no,,,230,1134,8,no,no,no,agreed,pat1:,,,,,
45979,https://github.com/rubocop-hq/rubocop,rubocop-hq/rubocop,ruby-2.2-spec,ruby-2.2-spec,no,,TEST_QUEUE_WORKERS,no,,,280,1908,9,no,no,no,agreed,324,,,,,
34753,https://github.com/cloudify-cosmo/cloudify-manager,cloudify-cosmo/cloudify-manager,test_cloudify_types,test_cloudify_types,no,,nightly,no,,,341,2844,10,no,no,no,agreed,pat2:,,,,,
46532,https://github.com/PyTorchLightning/pytorch-lightning,PyTorchLightning/pytorch-lightning,PyTorch-v1.4,PyTorch-v1.4,no,,,no,,,522,912,11,no,no,no,agreed,0,,,,,
49163,https://github.com/cahirwpz/mimiker,cahirwpz/mimiker,build_mips_gcc,build_mips_gcc,no,Pattern1,restore_cache,pat1,cache,,352,1053,12,no,no,no,agreed,,pattern 1,,,,
34715,https://github.com/cri-o/cri-o,cri-o/cri-o,vendor,vendor,yes,Pattern1,restore_cache,pat1,cache,,536,5092,13,no,no,no,agreed,,,,,,
33064,https://github.com/facebook/react,facebook/react,yarn_build,yarn_build,yes,Pattern1,restore_node_modules,no,,"suspicious if they only use but not save cache. although it has cache things, they are only used in a single workflow.",781,3846,14,no,no,no,agreed,,pattern 1,,Largely discussed,,
53840,https://github.com/zeit/now-cli,zeit/now-cli,test-integration-macos,test-integration-macos,no,,,no,,,197,197,15,no,no,no,agreed,,,,,,
36455,https://github.com/expo/expo,expo/expo,home,home,yes,Pattern2,Skip job if no relevant changes since last successful build on branch,pat2,commit?,Skip job if no relevant changes since last successful build on branch,927,11318,16,yes,yes,yes,agreed,,,,,,
44344,https://github.com/apollographql/react-apollo,apollographql/react-apollo,Node.js 8,Node.js 8,no,,,no,,,615,5437,17,no,no,no,agreed,,,,,,
42883,https://github.com/entropic-dev/entropic,entropic-dev/entropic,cli,cli,yes,Pattern1,restore_cache,pat1,cache,,501,607,18,no,no,no,agreed,,,,,,
31516,https://github.com/influxdata/telegraf,influxdata/telegraf,test-go-1.11-386,test-go-1.11-386,no,,,no,,,282,1846,19,no,no,no,agreed,,,,,,
56008,https://github.com/mui-org/material-ui,mui-org/material-ui,test_material-ui-x,test_material-ui-x,yes,Pattern1,install_js->restore_cache,no,,,1254,9828,20,no,no,yes,agreed,,pattern 1 & pattern 2,,good example of existing both patterns,,
55139,https://github.com/syuilo/misskey,syuilo/misskey,ok,ok,no,,,no,,,668,2091,21,no,no,no,agreed,,,,,,
44137,https://github.com/qlik-oss/after-work.js,qlik-oss/after-work.js,lint,lint,yes,Pattern1,restore_yarn_cache,no?,other cache,the install job used acceleration. Not affecting the current job,199,744,22,no,no,no,agreed,,,,,,
40395,https://github.com/bazelbuild/rules_nodejs,bazelbuild/rules_nodejs,test_e2e_legacy,test_e2e_legacy,no,,,no,,,367,1522,23,no,no,no,agreed,,,,,,
41200,https://github.com/angular/angular,angular/angular,test_aio_tools,test_aio_tools,no,,,no,,,2376,37967,24,no,no,no,agreed,,,,,,
56093,https://github.com/facebookresearch/ParlAI,facebookresearch/ParlAI,unittests_gpu12,unittests_gpu12,yes,Pattern1,restore_cache ,pat1,cache,,323,1531,25,no,no,no,agreed,,,,,,
34451,https://github.com/fastlane/fastlane,fastlane/fastlane,"Execute tests on macOS (Xcode 9.4.1, Ruby 2.4)","Execute tests on macOS (Xcode 9.4.1, Ruby 2.4)",yes,Pattern1,cache_restore_git,pat1,cache,,244,735,26,no,no,no,agreed,,,,,,
33038,https://github.com/gatsbyjs/gatsby,gatsbyjs/gatsby,integration_tests_cache_resilience,integration_tests_cache_resilience,yes,Pattern1,install_node_modules,no?,,,902,7053,27,no,no,no,agreed,,,,,,
53160,https://github.com/SFDO-Tooling/CumulusCI,SFDO-Tooling/CumulusCI,test_robot,test_robot,no,,,no,,,257,3070,28,no,no,no,agreed,,,,,,
36568,https://github.com/Rise-Vision/rise-vision-apps,Rise-Vision/rise-vision-apps,e2e_template_editor,e2e_template_editor,404,,,404,,,257,3598,29,#N/A,#N/A,,error,,,,,,
53054,https://github.com/elementor/elementor,elementor/elementor,php72-wp48-build,php72-wp48-build,no,,,no,,,301,2269,30,no,no,no,agreed,,,,,,
47662,https://github.com/os-autoinst/openQA,os-autoinst/openQA,scheduler,scheduler,yes,Pattern1 and Pattern2,"restore_cache, build_autoinst",no,other cache,from other jobs,442,3622,31,yes,no,no,conflicted,,,,,,
50450,https://github.com/raiden-network/raiden,raiden-network/raiden,smoketest-parity-development-3.7-matrix,smoketest-parity-development-3.7-matrix,smoketest-parity-development-3.7-matrix  not found,,I cannot find this job,no,,,216,1252,32,#N/A,no,yes,error,very interesting,pattern 2,,It is clear that the accelerated builds skipped some steps,,
47522,https://github.com/api-platform/core,api-platform/core,merge-and-upload-coverage,merge-and-upload-coverage,yes,,npm-cache and coverage_repo_token,pat1,cache,,202,1525,33,yes,no,no,conflicted,,,,They checked if the token exists; maybe to avoid errors instead of for acceleration,,
41049,https://github.com/mozilla/addons-server,mozilla/addons-server,build-deploy,build-deploy,404,,,404,,,842,4240,34,#N/A,#N/A,,error,,,,,,
33006,https://github.com/neomake/neomake,neomake/neomake,nvim-master,nvim-master,no,,,no,,,285,1125,35,no,no,no,agreed,,,,,,
56430,https://github.com/facebook/buck,facebook/buck,mac_build_openjdk8,mac_build_openjdk8,no,,,no,,,235,1087,36,no,no,no,agreed,,,,,,
41661,https://github.com/demisto/content,demisto/content,Server 4_1,Server 4_1,yes,Pattern1 and Pattern2,"restore_cache, ""Not running this job when triggered with one of instance_tests, contrib_branch, demisto_sdk_nightly, nightly or non_ami_run""",no?,cache,cache not saved,1147,2220,37,yes,no,yes,conflicted,,https://github.com/demisto/content/pull/7293,,The builds check parameters. The parameters are passed in via API or WebUI. Need to investigate whether we can retrive the original value of the parameters. We also need to investigate the build time in each step.,https://github.com/demisto/content/pull/7293,
39625,https://github.com/ethereum/solidity,ethereum/solidity,b_ubu_cxx17,b_ubu_cxx17,no,,,no,,,461,941,38,no,no,no,agreed,,,,,,
52814,https://github.com/plotly/plotly.py,plotly/plotly.py,python-2-7-orca,python-2-7-orca,yes,Pattern1,restore_cache,pat1,cache,,217,2501,39,no,no,no,agreed,,,,,,
43158,https://github.com/apollographql/apollo-client,apollographql/apollo-client,Apollo Boost,Apollo Boost,no,,,pat1,cache,,572,1790,40,no,no,no,agreed,,,,,,
29289,https://github.com/spotify/scio,spotify/scio,build_scalafix_rules_212,build_scalafix_rules_212,yes,Pattern1 and Pattern2,"Very cool trick!! And Beautifull division of build time! echo 'export SBT_OPTS=""-Dbigquery.project=dummy-project""' >> $BASH_ENV",no?,,,281,2948,41,yes,no,yes,conflicted,,pattern 1 & pattern 2,,,,
41463,https://github.com/samvera/hyrax,samvera/hyrax,build,build,yes?,Pattern2,ENGINE_CART_RAILS_OPTIONS: --skip-git --skip-bundle --skip-listen --skip-spring --skip-yarn --skip-keeps --skip-action-cable --skip-coffee --skip-puma --skip-test,no,,,312,1320,42,yes,no,no,conflicted,,,,,,
52211,https://github.com/lucas-clemente/quic-go,lucas-clemente/quic-go,build-go1.10,build-go1.10,no,,,no,,,234,745,43,no,no,no,agreed,,,,,,
45209,https://github.com/pytorch/vision,pytorch/vision,binary_linux_conda_py3.6_cu110,binary_linux_conda_py3.6_cu110,no,,,no,,,546,1302,44,no,no,no,agreed,,,,,,
39621,https://github.com/nullworks/cathook,nullworks/cathook,build,build,no,,,no,,,228,799,45,no,no,no,agreed,,,,,,
33468,https://github.com/PowerDNS/pdns,PowerDNS/pdns,build-recursor,build-recursor,no,,,pat1,cache,custom cache,201,2591,46,no,no,no,agreed,,,,,,
46347,https://github.com/OSGeo/homebrew-osgeo4mac,OSGeo/homebrew-osgeo4mac,update-homebrew,update-homebrew,yes?,Pattern1,I'm not sure if it can be an acceleration. restore_cache,pat1,cache,,448,1789,47,no,no,no,agreed,,,,,,
48832,https://github.com/facebook/buck,facebook/buck,linux_test_heavy_integration,linux_test_heavy_integration,yes?,Pattern1?,"if [ ! -f ""$CACHED_PATH"" ]; then",no,,,213,966,48,no,no,no,agreed,,,,,,
31177,https://github.com/electron/electron,electron/electron,electron-linux-arm64-debug,electron-linux-arm64-debug,yes?,Pattern1?,cache,pat1,cache,,252,253,49,no,no,no,agreed,,,,,,
55938,https://github.com/grafana/grafana,grafana/grafana,build-enterprise-backend-linux-x64-musl,build-enterprise-backend-linux-x64-musl,yes,Pattern2,"            if [[ ""<< parameters.edition >>"" == ""enterprise"" && -n ""$CIRCLE_PR_NUMBER"" ]]; then
              echo ""Nothing to do for forked PRs, so marking this step successful""
              circleci step halt",no,,,1791,7933,50,yes,no,yes,conflicted,,pattern 2,,line 69-72,,
34534,https://github.com/storybookjs/storybook,storybookjs/storybook,install-examples-deps,install-examples-deps,yes,Pattern1,cache,pat1,cache,,710,1552,51,no,no,no,agreed,,,,,,
35557,https://github.com/apollographql/apollo-server,apollographql/apollo-server,NodeJS 10,NodeJS 10,no,,,no,,,1299,7982,52,no,no,no,agreed,,,,,,
42979,https://github.com/pytorch/vision,pytorch/vision,binary_linux_wheel_py3.8_cu92,binary_linux_wheel_py3.8_cu92,no,,,no,,,604,3480,53,no,no,no,agreed,,,,,,
37838,https://github.com/grafana/grafana,grafana/grafana,build-all-enterprise,build-all-enterprise,no,,,pat1,cache,,304,3467,54,no,no,no,agreed,,,,,,
41775,https://github.com/artsy/emission,artsy/emission,build-and-test,build-and-test,yes,Pattern1 and Pattern2?,skip-native-if-possible,pat1,cache,,719,3293,55,yes,no,yes,conflicted,,https://github.com/artsy/emission/blob/master/package.json,https://github.com/artsy/emission/blob/bab77fb2691a52a66c7964041a76278c7aea2e19/scripts/ci-skip-native-if-possible.js,line32,line27,"scripts/ci-skip-native-if-possible.js is their custom acceleration script
throw new Error is used when do not skip"
44743,https://github.com/ENCODE-DCC/encoded,ENCODE-DCC/encoded,indexing,indexing,no,,,no,,,412,1453,56,no,no,no,agreed,,,,,,
44637,https://github.com/rakudo/rakudo,rakudo/rakudo,test-macos-1,test-macos-1,test-macos-1 not found,,I cannot find this job,no,,,212,2092,57,no,no,no,agreed,,,,,,
32465,https://github.com/simdjson/simdjson,simdjson/simdjson,clang-avx-google-benchmarks,clang-avx-google-benchmarks,no,,,no?,,,240,406,58,no,no,no,agreed,,,,,,
41669,https://github.com/alteryx/featuretools,alteryx/featuretools,py38 windows unit tests,py38 windows unit tests,no,,,no,,,210,482,59,no,no,no,agreed,,,,,,
38403,https://github.com/home-assistant/core,home-assistant/core,test 3.6,test 3.6,no,,,pat1,cache,,1482,3689,60,no,no,no,agreed,,,,,,
37007,https://github.com/mozilla/bedrock,mozilla/bedrock,test_py,test_py,no,,,no,,,545,7699,61,no,no,no,agreed,,,,,,
35786,https://github.com/mozilla/addons-server,mozilla/addons-server,integration_test,integration_test,yes,Pattern1,,pat1,cache,,688,6688,62,no,no,no,agreed,,,,,,
35135,https://github.com/simdjson/simdjson,simdjson/simdjson,clang-avx-threaded,clang-avx-threaded,no,,,no,,,327,902,63,no,no,no,agreed,,,,,,
33117,https://github.com/Automattic/wp-calypso,Automattic/wp-calypso,danger,danger,no,,,no,,,1703,3483,64,no,no,no,agreed,,,,,,
32760,https://github.com/Automattic/wp-calypso,Automattic/wp-calypso,setup-1,setup-1,setup-1 are not found,,setup-1 are not found,pat1,cache,,1248,1248,65,no,no,no,agreed,,,,,,
29459,https://github.com/cBioPortal/cbioportal-frontend,cBioPortal/cbioportal-frontend,check_incorrect_import_statements,check_incorrect_import_statements,no,,,no,,,294,2532,66,no,no,no,agreed,,,,,,
48715,https://github.com/citusdata/citus,citusdata/citus,test-13_check-follower-cluster,test-13_check-follower-cluster,no,,,no,,,689,2080,67,no,no,no,agreed,,,,,,
32506,https://github.com/fishtown-analytics/dbt,fishtown-analytics/dbt,integration-postgres-py38,integration-postgres-py38,no,,,no,,,221,1679,68,no,no,no,agreed,,,,,,
39914,https://github.com/cloudify-cosmo/cloudify-manager,cloudify-cosmo/cloudify-manager,test_clientv2_1_endpoints,test_clientv2_1_endpoints,no,,,no,,,203,2355,69,no,no,no,agreed,,,,,,
43765,https://github.com/fishtown-analytics/dbt,fishtown-analytics/dbt,integration-postgres-py36,integration-postgres-py36,no,,,no,,,218,3418,70,no,no,no,agreed,,,,,,
45738,https://github.com/cuberite/cuberite,cuberite/cuberite,clang-tidy,clang-tidy,no,,,no,,,472,2568,71,no,no,no,agreed,,,,,,
36324,https://github.com/glpi-project/glpi,glpi-project/glpi,php_7_3_test_suite,php_7_3_test_suite,yes,Pattern1,cache. This seems that they have special way but I couldn't identify,pat1,cache,,368,3671,72,no,no,no,agreed,,,,,,
34091,https://github.com/angular/angular,angular/angular,legacy-unit-tests-local,legacy-unit-tests-local,yes,Pattern1,,no?,cache?,,2122,3769,73,no,no,no,agreed,,,,,,
40877,https://github.com/zulip/zulip,zulip/zulip,trusty-backend-python3.4,trusty-backend-python3.4,yes,Pattern1,,pat1,cache,,295,389,74,no,no,no,agreed,,,,,,
43686,https://github.com/demisto/content,demisto/content,Server Master,Server Master,yes,Pattern1 and Pattern2,"cache and   if [[ ""$TEMP"" == ""true"" || -n ""${NIGHTLY}"" ]];",no,,,1601,6717,75,yes,no,yes,conflicted,,line 943,line 958-963,,,
38863,https://github.com/expo/expo,expo/expo,babel_preset,babel_preset,yes,Pattern1,,pat1,cache,,812,6241,76,no,no,no,agreed,,,,,,
36517,https://github.com/facebook/react,facebook/react,test_build_prod,test_build_prod,yes,Pattern1,,no,,cache is in setup step,459,3842,77,no,no,no,agreed,,,,,,
43064,https://github.com/spotify/scio,spotify/scio,build_212,build_212,no,,,no,,,236,4998,78,no,no,no,agreed,,,,,,
37295,https://github.com/activeadmin/activeadmin,activeadmin/activeadmin,testapp60,testapp60,yes,Pattern1,It should have accelelation scripts but I could not find them,pat1,cache,,214,2037,79,no,no,no,agreed,,,,,,
36876,https://github.com/all-of-us/workbench,all-of-us/workbench,api-bigquery-test,api-bigquery-test,no,,It should have accelelation scripts but I could not find them,pat1,cache,,891,9518,80,no,no,no,agreed,,,,,,
34752,https://github.com/apollographql/react-apollo,apollographql/react-apollo,Bundlesize,Bundlesize,no,,,no,,,341,2811,81,no,no,no,agreed,,,,,,
41128,https://github.com/facebook/react,facebook/react,test_source_www_experimental,test_source_www_experimental,yes,Pattern1,,no,,cache is in setup step,284,297,82,no,no,no,agreed,,,,,,
38633,https://github.com/tootsuite/mastodon,tootsuite/mastodon,test-ruby2.5,test-ruby2.5,no,,,no,,,685,9800,83,no,no,no,agreed,,,,,,
29801,https://github.com/pytorch/vision,pytorch/vision,binary_macos_wheel_py3.8_cpu,binary_macos_wheel_py3.8_cpu,no,,,no?,,,606,3493,84,no,no,no,agreed,,,,,,
30790,https://github.com/cucumber/cucumber,cucumber/cucumber,messages-javascript,messages-javascript,no,,,no,,,461,2724,85,no,no,no,agreed,,,,,,
57241,https://github.com/cahirwpz/mimiker,cahirwpz/mimiker,kernel_tests_mips_clang,kernel_tests_mips_clang,no,,,no,,,325,941,86,no,no,no,agreed,,,,,,
44051,https://github.com/thought-machine/please,thought-machine/please,build-freebsd,build-freebsd,yes,Pattern1,,pat1,cache,,199,607,87,no,no,no,agreed,,,,,,
37912,https://github.com/angular/components,angular/components,view_engine_snapshot_test_cronjob,view_engine_snapshot_test_cronjob,yes,Pattern1,It looks the project has acceleration script but it might be because of slack_notify_on_failure,pat1?,cache,,742,9964,88,no,no,no,agreed,,,,,,
37690,https://github.com/hawkrives/gobbldygook,hawkrives/gobbldygook,prettier,prettier,no,,,no,,,199,1813,89,no,no,no,agreed,,,,,,
44569,https://github.com/pingcap/docs-cn,pingcap/docs-cn,lint,lint,no,,,no,,,2422,15043,90,no,no,no,agreed,,,,,,
29451,https://github.com/Automattic/wp-calypso,Automattic/wp-calypso,typecheck-strict,typecheck-strict,no,Pattern1,PUPPETEER_SKIP_DOWNLOAD,no,,,2765,20918,91,no,no,no,agreed,,,,,,
46042,https://github.com/cBioPortal/cbioportal,cBioPortal/cbioportal,pull_frontend_codebase,pull_frontend_codebase,no,,,no,,,223,1990,92,no,no,no,agreed,,,,,,
52791,https://github.com/reasonml/reason,reasonml/reason,4.06.0,4.06.0,no,,,pat1,cache,deps cache,259,1519,93,no,no,no,agreed,,,,,,
35798,https://github.com/ethereum/solidity,ethereum/solidity,t_osx_soltest,t_osx_soltest,yes,Pattern1,dependencies-osx-,no?,,,681,7161,94,no,no,no,agreed,,,,,,
34833,https://github.com/jumanjihouse/docker-aws,jumanjihouse/docker-aws,build-2,build-2,build-2 not found,,I cannot find this job,n/a,,,744,11740,95,#N/A,#N/A,yes,error,,,,,,
37287,https://github.com/citahub/cita,citahub/cita,Check Basic,Check Basic,yes,Pattern1,restore-security-audit-cache,no?,,the cache is for other purpose?,237,1254,96,no,no,no,agreed,,,,,,
29599,https://github.com/apollographql/apollo-client,apollographql/apollo-client,Apollo InMemory Cache,Apollo InMemory Cache,yes,Pattern1,restore_cache,pat1,cache,,564,1772,97,no,no,no,agreed,,,,,,
41851,https://github.com/ngrx/platform,ngrx/platform,docs-tests,docs-tests,yes,Pattern1,"docs_cache_key yarn-docs-cache-{{ checksum ""~/docs/projects/ngrx.io/yarn.lock"" }}-0.4",no,other cache,"cache is in other jobs, but not required",324,2060,98,no,no,no,agreed,,,,,,
34420,https://github.com/hashicorp/consul,hashicorp/consul,go-test-sdk,go-test-sdk,no,,,no,,,918,6333,99,no,no,no,agreed,,,,,,
39265,https://github.com/aeternity/aeternity,aeternity/aeternity,eunit_minerva,eunit_minerva,yes,Pattern1,cache,no?,,,651,3534,100,no,no,no,agreed,,,,,,
34475,https://github.com/robolectric/robolectric,robolectric/robolectric,test_3,test_3,yes,Pattern1,restore_cache,no,,cache is in build,339,1035,101,no,no,no,agreed,,,,,,
47399,https://github.com/selfrefactor/rambda,selfrefactor/rambda,node-middle,node-middle,yes,Pattern1,cache,pat1,cache,npm cache,708,1609,102,no,no,no,agreed,,,,,,
40895,https://github.com/angular/components,angular/components,mdc_snapshot_test_cronjob,mdc_snapshot_test_cronjob,yes,Pattern2?,"bazel test src/... --build_tag_filters=-docs-package,-e2e --test_tag_filters=-e2e --build_tests_only",pat1?,cache,,743,8356,103,yes,no,no,conflicted,,,https://github.com/angular/components/blob/ddc2e23e8e0e93b236e2c484ce8fb50b7a98d90e/src/e2e-app/test_suite.bzl,tags are given to test methods,,
57337,https://github.com/plotly/plotly.py,plotly/plotly.py,python-3-7-orca,python-3-7-orca,yes,Pattern1,cache,pat1,cache,,224,2458,104,no,no,no,agreed,,,,,,
42498,https://github.com/googleapis/gapic-showcase,googleapis/gapic-showcase,python-smoke-test,python-smoke-test,no,,,no,,,547,1356,105,no,no,no,agreed,,,,,,
34258,https://github.com/cloudify-cosmo/cloudify-manager,cloudify-cosmo/cloudify-manager,py3_compat,py3_compat,no,,,no,,,332,2087,106,no,no,no,agreed,,,,,,
41054,https://github.com/ant-design/ant-design,ant-design/ant-design,test_dist_15,test_dist_15,no,,,no,,,710,8851,107,no,no,no,agreed,,,,,,
39347,https://github.com/diem/diem,diem/diem,code_coverage,code_coverage,yes,Pattern2,"      - restore_cache:
          name: restore daily latch cache file.
          key: code-coverage-daily",pat2,,last build time,394,1119,108,yes,yes,yes,agreed,,,,,,
48812,https://github.com/PyTorchLightning/pytorch-lightning,PyTorchLightning/pytorch-lightning,cleanup-gke-jobs,cleanup-gke-jobs,no,,,no,,,741,3758,109,no,no,no,agreed,,,,,,
41257,https://github.com/cucumber/cucumber,cucumber/cucumber,tag-expressions-java,tag-expressions-java,no,,,no,,,459,3687,110,no,no,no,agreed,,,,,,
37591,https://github.com/electron/electron,electron/electron,electron-linux-arm64,electron-linux-arm64,yes?,Pattern2?,"if [ ""$ELECTRON_RELEASE"" == ""1"" ]; then
            echo 'Creating Electron release distribution'
            script/create-dist.py
          else
            echo 'Skipping create distribution because build is not for release'
          fi",no,,,889,3687,111,yes,no,no,conflicted,,,,,,
50101,https://github.com/facebookresearch/ParlAI,facebookresearch/ParlAI,unittests_38,unittests_38,no,,,pat1&pat2,cache & share test data between tests,,266,2226,112,no,yes,no,conflicted,,,,,,
39472,https://github.com/robolectric/robolectric,robolectric/robolectric,test_4,test_4,yes,Pattern1,"      - restore_cache:
          key: cache-{{ checksum "".cache-hash"" }}",no,,cache is in build,340,1051,113,no,no,no,agreed,,,,,,
43573,https://github.com/hashicorp/consul,hashicorp/consul,ember-build,ember-build,yes,Pattern1,"      - restore_cache:
          key: *YARN_CACHE_KEY",no?,cache?,cache is in frontend-cache,730,8512,114,no,no,no,agreed,,,,,,
37846,https://github.com/redcanaryco/atomic-red-team,redcanaryco/atomic-red-team,validate_atomics_generate_docs,validate_atomics_generate_docs,no,,,no,,,431,4013,115,no,no,no,agreed,,,,,,
39498,https://github.com/AusDTO/dto-digitalmarketplace-frontend,AusDTO/dto-digitalmarketplace-frontend,check_styles,check_styles,no,,,no,,,318,3524,116,no,no,no,agreed,,,,,,
49406,https://github.com/apollographql/apollo-link,apollographql/apollo-link,Apollo Link Polling,Apollo Link Polling,no,,,no,,,339,1330,117,no,no,no,agreed,,,,,,
47945,https://github.com/hashicorp/vault,hashicorp/vault,netbsd_amd64_package,netbsd_amd64_package,yes,Pattern1 and Pattern2,"          if ! { PKG=$(find .buildcache/packages/store -maxdepth 1 -mindepth 1 -name '*.zip' 2> /dev/null) && [ -n ""$PKG"" ]; }; then
            echo ""No package found, continuing with build.""
            exit 0
          fi
          echo ""Package already cached, skipping build.""",pat1,cache,,684,1781,118,yes,no,yes,conflicted,,,line 1597,,,
31887,https://github.com/angular/angular,angular/angular,build-ivy-npm-packages,build-ivy-npm-packages,no,,,no,,,1959,32780,119,no,no,no,agreed,,,,,,
33983,https://github.com/angular/angular,angular/angular,setup,setup,yes?,Pattern1 and Pattern2,"          command: >
            if [[ -n ""${CIRCLE_PR_NUMBER}"" ]]; then
              # User is required for rebase.
              git config user.name ""angular-ci""
              git config user.email ""angular-ci""
              # Rebase PR on top of target branch.
              node .circleci/rebase-pr.js
            else
              echo ""This build is not over a PR, nothing to do.""
            fi",no,,,3358,40666,120,yes,no,no,conflicted,,,rebasing,,,
51365,https://github.com/rubocop-hq/rubocop,rubocop-hq/rubocop,ruby-2.3-rubocop,ruby-2.3-rubocop,no,,,no,,,316,3733,121,no,no,no,agreed,,,,,,
44482,https://github.com/gatsbyjs/gatsby,gatsbyjs/gatsby,e2e_tests_gatsby-static-image,e2e_tests_gatsby-static-image,no,,,pat2,,"is skip_file_change_test accel?
https://github.com/gatsbyjs/gatsby/blob/14d3be3fd4009a7f24ea9ed9c92b26ae5e8e4940/.circleci/config.yml#L168
skip if no file changed",893,2030,122,no,yes,yes,conflicted,,,Line 168-171,check where the parameter 'skip_file_change_test' comes from,,
54747,https://github.com/reactioncommerce/reaction,reactioncommerce/reaction,snyk-security,snyk-security,yes?,Pattern1 and Pattern2,"            CIRCLE_PR_NUMBER=""${CIRCLE_PR_NUMBER:-${CIRCLE_PULL_REQUEST##*/}}"" # Determine PR number from pull request link
            if [[ -v CIRCLE_PR_NUMBER ]] && [ -n ${CIRCLE_PR_NUMBER} ]; then
              url=""https://api.github.com/repos/${DOCKER_REPOSITORY}/pulls/$CIRCLE_PR_NUMBER"" # Get PR from github API
              TARGET_BRANCH=$(curl ""$url"" | jq '.base.ref' | tr -d '""') # Determine target/base branch from API response
            fi
            if [ -z ""${TARGET_BRANCH}"" ] || [  ${TARGET_BRANCH} == ""null"" ]; then
              echo ""Not a PR. Skipping Snyk.""
              exit 0
            fi
            # If target branch does not exist or is master, run snyk tests
            if [ ${TARGET_BRANCH} == ""master"" ] || [ -z ""${TARGET_BRANCH/[ ]*\n/}"" ]; then
              PATH=$PATH:$CIRCLE_WORKING_DIRECTORY/node_modules/.bin && \
                snyk test
            else
              # If package.json is different from the base branch, run snyk
              if git diff origin/$CIRCLE_BRANCH..origin/$TARGET_BRANCH package.json | grep diff; then
                echo ""package.json different. Running Snyk.""
                PATH=$PATH:$CIRCLE_WORKING_DIRECTORY/node_modules/.bin && \
                snyk test
              else
                echo ""package.json identical to target branch. Skipping Snyk.""
              fi
            fi",no?,,cache is in build,323,3310,123,yes,no,yes,conflicted,,,,,,
43967,https://github.com/heroku/cli,heroku/cli,node12-test,node12-test,yes,Pattern1,cache,pat1?,cache?,"cache in requiring, restoring in required job?",388,883,124,no,no,no,agreed,,,,,,
29489,https://github.com/Azure/acs-engine,Azure/acs-engine,k8s-windows-1.8-release-e2e,k8s-windows-1.8-release-e2e,no,,,no,,,265,741,125,no,no,no,agreed,,,,,,
35372,https://github.com/badges/shields,badges/shields,integration@node-14,integration@node-14,no,,,no,,,427,1556,126,no,no,no,agreed,,,,,,
49122,https://github.com/palantir/conjure-java-runtime,palantir/conjure-java-runtime,compile,compile,yes,Pattern1,cache,pat1,cache,,250,2172,127,no,no,no,agreed,,,,,,
43490,https://github.com/square/okhttp,square/okhttp,checkjdk8,checkjdk8,yes,Pattern1,cache,no,other cache,"cache key not saving?
Update: saved.",279,1069,128,no,no,no,agreed,,,,,,
36576,https://github.com/PowerDNS/pdns,PowerDNS/pdns,test-recursor-api,test-recursor-api,no,,,no,,,200,2562,129,no,no,no,agreed,,,,,,
50843,https://github.com/babel/babel,babel/babel,build-standalone,build-standalone,yes,Pattern1,cache,pat1,cache,,435,3663,130,no,no,no,agreed,,,,,,
29057,https://github.com/citahub/cita,citahub/cita,Check Contracts,Check Contracts,no,,,no,,,202,855,131,no,no,no,agreed,,,,,,
29915,https://github.com/envoyproxy/envoy,envoyproxy/envoy,clang_tidy,clang_tidy,no,,,no,,,1086,10368,132,no,no,no,agreed,,,,,,
34243,https://github.com/pingcap/docs-cn,pingcap/docs-cn,build,build,no,,,no?,,"distinct, outside res",316,2393,133,no,no,no,agreed,,,,,,
35018,https://github.com/decaffeinate/decaffeinate,decaffeinate/decaffeinate,node-v10-latest,node-v10-latest,yes,Pattern1,cache,pat1,cache,,205,1537,134,no,no,no,agreed,,,,,,
41186,https://github.com/KissKissBankBank/kitten,KissKissBankBank/kitten,build_and_test,build_and_test,yes,Pattern1,cache,pat1,cache,,313,3604,135,no,no,no,agreed,,,,,,
39886,https://github.com/diem/diem,diem/diem,terraform,terraform,no,,,no,,,3408,26515,136,no,no,no,agreed,,,,,,
32823,https://github.com/grafana/metrictank,grafana/metrictank,test,test,no,,,no,,,353,3275,137,no,no,no,agreed,,,,,,
37043,https://github.com/tootsuite/mastodon,tootsuite/mastodon,build,build,no,,,no,,,724,14383,138,no,no,no,agreed,,,,,,
32115,https://github.com/hashicorp/consul,hashicorp/consul,nomad-integration-master,nomad-integration-master,no,,,no,,,868,11691,139,no,no,no,agreed,,,,,,
38596,https://github.com/hashicorp/consul,hashicorp/consul,envoy-integration-test-1.8.0,envoy-integration-test-1.8.0,yes,Pattern1 and Pattern2,"docker_layer_caching: true,  command: make test-envoy-integ SKIP_DOCKER_BUILD=1",pat1,,The SKIP_DOCKER_BUILD does not make difference between builds,634,3809,140,no,no,no,agreed,,,,,,
30613,https://github.com/activeadmin/activeadmin,activeadmin/activeadmin,ruby26rails60turbolinks,ruby26rails60turbolinks,yes,Pattern1,cache,pat1,cache,,206,1543,141,no,no,no,agreed,,,,,,
29316,https://github.com/electron/electron,electron/electron,electron-linux-arm64-testing,electron-linux-arm64-testing,yes,Pattern1,cache,pat1,cache,,252,253,142,no,no,no,agreed,,,,,,
48450,https://github.com/LLK/scratch-gui,LLK/scratch-gui,build,build,yes,Pattern1,cache,no?,,cache is in setup,559,2571,143,no,no,no,agreed,,,,,,
29256,https://github.com/prometheus/prometheus,prometheus/prometheus,build,build,no,,,no,,directly call orb,422,7288,144,no,no,no,agreed,,,,,,
43825,https://github.com/storybookjs/storybook,storybookjs/storybook,react-native,react-native,no,,,no,,,450,2047,145,no,no,no,agreed,,,,,,
39592,https://github.com/cucumber/cucumber,cucumber/cucumber,create-meta-java,create-meta-java,no,,,no,,,456,1568,146,no,no,no,agreed,,,,,,
30132,https://github.com/cloudify-cosmo/cloudify-manager,cloudify-cosmo/cloudify-manager,test_premium,test_premium,no,,,no,,,297,5324,147,no,no,no,agreed,,,,,,
44340,https://github.com/angular/components,angular/components,snapshot_tests_local_browsers,snapshot_tests_local_browsers,yes,Pattern1,cache,pat1?,cache,,742,13398,148,no,no,no,agreed,,,,,,
36672,https://github.com/storybookjs/storybook,storybookjs/storybook,install-e2e-deps,install-e2e-deps,yes,Pattern1,cache,pat1,cache,,735,1585,149,no,no,no,agreed,,,,,,
41830,https://github.com/aeternity/aeternity,aeternity/aeternity,windows_package,windows_package,no,,,no?,,,366,1306,150,no,no,no,agreed,,,,,,
37809,https://github.com/spotify/scio,spotify/scio,build_212-jdk11,build_212-jdk11,no,,,no,,,230,2430,151,no,no,no,agreed,,,,,,
36772,https://github.com/Azure/acs-engine,Azure/acs-engine,test,test,no,,,no,,,523,3585,152,no,no,no,agreed,,,,,,
32685,https://github.com/scalyr/scalyr-agent-2,scalyr/scalyr-agent-2,unittest-37,unittest-37,no,,,pat1,cache,,318,723,153,no,no,no,agreed,,,,,,
50380,https://github.com/SFDO-Tooling/CumulusCI,SFDO-Tooling/CumulusCI,lint,lint,no,,,no,,,320,3449,154,no,no,no,agreed,,,,,,
29344,https://github.com/decidim/decidim,decidim/decidim,surveys,surveys,yes,Pattern1,cache,no?,cache,cache not saved,597,6307,155,no,no,no,agreed,,,,,,
42084,https://github.com/cucumber/cucumber,cucumber/cucumber,tag-expressions-javascript,tag-expressions-javascript,no,,,no,,,461,3711,156,no,no,no,agreed,,,,,,
30536,https://github.com/pytorch/vision,pytorch/vision,binary_linux_conda_py3.5_cu92,binary_linux_conda_py3.5_cu92,no,,,no,,,252,1343,157,no,no,no,agreed,,,,,,
43863,https://github.com/RocketChat/Rocket.Chat.Android,RocketChat/Rocket.Chat.Android,build-kotlin-sdk,build-kotlin-sdk,no,,,no?,,cache is for other purpose,330,2587,158,no,no,no,agreed,,,,,,
34902,https://github.com/cBioPortal/cbioportal-frontend,cBioPortal/cbioportal-frontend,end_to_end_tests_IE11,end_to_end_tests_IE11,no,,,no,,,285,1976,159,no,no,no,agreed,,,,,,
42806,https://github.com/pytorch/vision,pytorch/vision,binary_linux_conda_py3.6_cu102,binary_linux_conda_py3.6_cu102,no,,,no,,,548,2651,160,no,no,no,agreed,,,,,,
55840,https://github.com/LLK/scratch-gui,LLK/scratch-gui,unit,unit,yes,Pattern1,cache,no,,use data from build,248,1754,161,no,no,no,agreed,,,,,,
29729,https://github.com/mozilla/addons-server,mozilla/addons-server,build-py2,build-py2,no,,,no,,,222,384,162,no,no,no,agreed,,,,,,
38082,https://github.com/simdjson/simdjson,simdjson/simdjson,clang6,clang6,no,,,no,,,290,1528,163,no,no,no,agreed,,,,,,
49635,https://github.com/citusdata/citus,citusdata/citus,test-12_check-mx,test-12_check-mx,no,,,no,,,599,1861,164,no,no,no,agreed,,,,,,
34837,https://github.com/electron/electron,electron/electron,linux-arm-debug,linux-arm-debug,yes?,Pattern1 and Pattern2,cashe and SKIP_DIST_ZIP?,pat1&pat2,cache,"cache only restore
https://deprecated/BuildDetails?repo=electron%2felectron&job=linux-arm-debug&commit_id=68873fbadb2534f43ebbf45523a055ff6f987ae5
""Check if commit is doc only change""",1149,13026,165,yes,yes,yes,agreed,,changed,,,,
40301,https://github.com/drud/ddev,drud/ddev,golang_test_apache_cgi,golang_test_apache_cgi,no,,,no,,,225,730,166,no,no,no,agreed,,,,,,
32959,https://github.com/influxdata/influxdb,influxdata/influxdb,jstest,jstest,yes?,Pattern1 and Pattern2,cache and tag?,pat1?,cache?,cache is in jsdeps,1404,20213,167,no,no,no,agreed,,,,,,
31387,https://github.com/gatsbyjs/gatsby,gatsbyjs/gatsby,e2e_tests_gatsbygram,e2e_tests_gatsbygram,no,,,no? pat1?,cache?,"only use, do not save
has distinct",1305,9633,168,no,no,no,agreed,,,,,,
35711,https://github.com/cornerstonejs/cornerstoneTools,cornerstonejs/cornerstoneTools,build,build,no,,,no,,,197,1177,169,no,no,no,agreed,,,,,,
29370,https://github.com/facebook/react,facebook/react,RELEASE_CHANNEL_stable_yarn_test,RELEASE_CHANNEL_stable_yarn_test,yes,Pattern1,cache,no?,,cache is in setup step,746,2912,170,no,no,no,agreed,,,,,,
51510,https://github.com/circleci/circleci-docs,circleci/circleci-docs,js_build,js_build,yes,Pattern1,cache,pat1?,cache?,need to check with-cache,4374,23619,171,no,no,no,agreed,,,,,,
31347,https://github.com/ethereum/solidity,ethereum/solidity,b_osx,b_osx,yes,Pattern1,cache,pat1,cache,,904,11367,172,no,no,no,agreed,,,,,,
41261,https://github.com/storybookjs/storybook,storybookjs/storybook,e2e,e2e,no,,,no,,,711,7017,173,no,no,no,agreed,,,,,,
34375,https://github.com/plotly/plotly.js,plotly/plotly.js,build,build,no,,,no,,,537,10465,174,no,no,no,agreed,,,,,,
43885,https://github.com/pytorch/vision,pytorch/vision,binary_linux_wheel_py3.7_cu100,binary_linux_wheel_py3.7_cu100,no,,,no,,,354,1491,175,no,no,no,agreed,,,,,,
36091,https://github.com/openlayers/openlayers,openlayers/openlayers,build,build,yes,Pattern1,cache,no,,,274,2456,176,no,no,no,agreed,,,,,,
41524,https://github.com/gatsbyjs/gatsby,gatsbyjs/gatsby,integration_tests_long_term_caching,integration_tests_long_term_caching,yes,Pattern2,parameters.skip_file_change_test,pat2,assert change,assert changes in a script,1365,20220,177,yes,yes,yes,agreed,,,,,,
47284,https://github.com/elementor/elementor,elementor/elementor,php54-wp47-build,php54-wp47-build,no,,,no,,,299,2254,178,no,no,no,agreed,,,,,,
38522,https://github.com/mui-org/material-ui,mui-org/material-ui,test_browser,test_browser,no,,,no?,,cache is in checkout,981,13096,179,no,no,no,agreed,,,,,,
43041,https://github.com/LessWrong2/Lesswrong2,LessWrong2/Lesswrong2,build,build,yes,Pattern1,cache,pat1,cache,,427,4542,180,no,no,no,agreed,,,,,,
44261,https://github.com/artsy/reaction,artsy/reaction,auto/publish-canary,auto/publish-canary,no,,,no,,,253,934,181,no,no,no,agreed,,,,,,
45010,https://github.com/pytorch/vision,pytorch/vision,python_lint,python_lint,no,,,no,,,1247,5716,182,no,no,no,agreed,,,,,,
43103,https://github.com/apollographql/apollo-client,apollographql/apollo-client,Apollo Client Monorepo,Apollo Client Monorepo,yes,Pattern1,cache,pat1,cache,,584,6353,183,no,no,no,agreed,,,,,,
33735,https://github.com/Harmon758/Harmonbot,Harmon758/Harmonbot,test-golang,test-golang,no,,,no,,,428,7325,184,no,no,no,agreed,,,,,,
56602,https://github.com/theQRL/QRL,theQRL/QRL,integration_fuzzing,integration_fuzzing,no,,,no,,,280,768,185,no,no,no,agreed,,,,,,
34947,https://github.com/ant-design/ant-design,ant-design/ant-design,test_dom_15,test_dom_15,no,,,no,,,683,8768,186,no,no,no,agreed,,,,,,
45509,https://github.com/Rise-Vision/rise-vision-apps,Rise-Vision/rise-vision-apps,e2e_editor,e2e_editor,404,,,404,,,292,3895,187,#N/A,#N/A,,error,,,,,,
42470,https://github.com/ethereum/solidity,ethereum/solidity,b_bytecode_ems,b_bytecode_ems,no,,,no,,,955,2236,188,no,no,no,agreed,,,,,,
33846,https://github.com/ethereum/solidity,ethereum/solidity,b_ubu_clang,b_ubu_clang,no,,,no,,,983,10400,189,no,no,no,agreed,,,,,,
51763,https://github.com/cahirwpz/mimiker,cahirwpz/mimiker,build_aarch64_gcc,build_aarch64_gcc,no,,,pat1,cache,,339,1015,190,no,no,no,agreed,,,,,,
43439,https://github.com/pytorch/vision,pytorch/vision,binary_macos_conda_py2.7_cpu,binary_macos_conda_py2.7_cpu,no,,,no,,,254,799,191,no,no,no,agreed,,,,,,
40699,https://github.com/envoyproxy/envoy,envoyproxy/envoy,release,release,yes,Pattern1,cache,no,,,1008,15286,192,no,no,no,agreed,,,,,,
29516,https://github.com/expo/expo,expo/expo,web_storybook,web_storybook,yes,Pattern1,cache,pat1,cache,,644,1181,193,no,no,no,agreed,,,,,,
35510,https://github.com/Rise-Vision/rise-vision-apps,Rise-Vision/rise-vision-apps,dependencies,dependencies,404,,,404,,,376,6013,194,#N/A,#N/A,,error,,,,,,
42986,https://github.com/LessWrong2/Lesswrong2,LessWrong2/Lesswrong2,test,test,no,,,no?,,cache is in build,298,3216,195,no,no,no,agreed,,,,,,
53863,https://github.com/influxdata/influxdb,influxdata/influxdb,jsdeps,jsdeps,yes,Pattern1,cache,pat1,cache,,339,609,196,no,no,no,agreed,,,,,,
33328,https://github.com/hashicorp/consul,hashicorp/consul,envoy-integration-test-1.13.6,envoy-integration-test-1.13.6,no,,,no,,,554,1208,197,no,no,no,agreed,,,,,,
53333,https://github.com/department-of-veterans-affairs/vets-website,department-of-veterans-affairs/vets-website,build-e2e,build-e2e,yes,Pattern1,cache,pat1,cache,,1690,10708,198,no,no,no,agreed,,,,,,
44403,https://github.com/influxdata/influxdb,influxdata/influxdb,golint,golint,no,,"this division might happen because of ""require""",no?,,cache is in godeps,1312,9493,199,no,no,no,agreed,,,,,,
39875,https://github.com/angular/angular-cli,angular/angular-cli,install,install,yes,Pattern1,cache,pat1,cache,,755,8008,200,no,no,no,agreed,,,,,,
35194,https://github.com/moul/assh,moul/assh,docker.build,docker.build,yes,Pattern1,cache,no,,,706,1143,201,no,no,no,agreed,,,,,,
56951,https://github.com/wordpress-mobile/WordPress-Android,wordpress-mobile/WordPress-Android,test,test,yes,Pattern1,cache,pat1?,,gradle cache (by android),642,11322,202,no,no,no,agreed,,,,,,
47066,https://github.com/facebookresearch/ParlAI,facebookresearch/ParlAI,unittests_gpu16,unittests_gpu16,yes,Pattern1,cache,pat1,cache & share test data between tests,,274,978,203,no,no,no,agreed,this is similar as before line 113,,,,,
57326,https://github.com/citusdata/citus,citusdata/citus,test-11_check-iso-work-fol,test-11_check-iso-work-fol,no,,,no,,,751,7370,204,no,no,no,agreed,,,,,,
33964,https://github.com/hashicorp/consul,hashicorp/consul,check-vendor,check-vendor,no,,this division might be because of slack notification,no,,,1819,17700,205,no,no,no,agreed,,,,,,
36490,https://github.com/quiltdata/quilt,quiltdata/quilt,test-lambdas-search,test-lambdas-search,no,,,no,,,331,1380,206,no,no,no,agreed,,,,,,
48615,https://github.com/ory/hydra,ory/hydra,goreleaser/test,goreleaser/test,no,,,no,,did not find job def,241,1447,207,no,no,no,agreed,,,,,,
44313,https://github.com/electron/electron,electron/electron,linux-arm64-testing-gn-check,linux-arm64-testing-gn-check,yes,Pattern2,Shortcircuit build if doc only change,pat2,,Shortcircuit build if doc only change,1284,19973,208,yes,yes,yes,agreed,,,,,,
45905,https://github.com/questdb/questdb,questdb/questdb,build,build,no,,,pat1,cache,mvn,287,1221,209,no,no,no,agreed,,,,,,
57414,https://github.com/hashicorp/nomad,hashicorp/nomad,test-windows,test-windows,no,,,no,,,640,3623,210,no,no,no,agreed,,,,,,
52630,https://github.com/facebook/buck,facebook/buck,macos_test_android_ndk_18,macos_test_android_ndk_18,no,,,no,,,221,1050,211,no,no,no,agreed,,,,,,
37649,https://github.com/alteryx/featuretools,alteryx/featuretools,py37 lint test,py37 lint test,no,,,no,,,250,1049,212,no,no,no,agreed,,,,,,
35284,https://github.com/drud/ddev,drud/ddev,golang_test_apache_fpm,golang_test_apache_fpm,no,,,no,,,225,730,213,no,no,no,agreed,,,,,,
56117,https://github.com/rubocop-hq/rubocop,rubocop-hq/rubocop,ruby-head-spec-with-jit,ruby-head-spec-with-jit,no,,,no,,,205,976,214,no,no,no,agreed,,,,,,
29397,https://github.com/mapfish/mapfish-print,mapfish/mapfish-print,build,build,no,,,pat1,with-cache env,,240,1995,215,no,no,no,agreed,,,,,,
39947,https://github.com/ethereum/solidity,ethereum/solidity,t_ems_compile_ext_colony,t_ems_compile_ext_colony,no,,,no,,,910,8769,216,no,no,no,agreed,,,,,,
43866,https://github.com/cri-o/cri-o,cri-o/cri-o,shfmt,shfmt,yes,Pattern1,cache,pat1,cache,,508,2551,217,no,no,no,agreed,,,,,,
32037,https://github.com/dockstore/dockstore,dockstore/dockstore,build,build,yes,Pattern1,docker and maven cache,pat1,looks cache,save in later job,239,2891,218,no,no,no,agreed,,,,,,
46842,https://github.com/elementor/elementor,elementor/elementor,php-js-lints,php-js-lints,no,,,no,,,241,2113,219,no,no,no,agreed,,,,,,
49893,https://github.com/cloudify-cosmo/cloudify-agent,cloudify-cosmo/cloudify-agent,build_agent,build_agent,no,,,no,,,249,1783,220,no,no,no,agreed,,,,,,
31471,https://github.com/angular/angular,angular/angular,test_zonejs,test_zonejs,no,,,no,,,1986,24924,221,no,no,no,agreed,,,,,,
35116,https://github.com/tootsuite/mastodon,tootsuite/mastodon,check-i18n,check-i18n,no,,,no,,,677,13970,222,no,no,no,agreed,,,,,,
46814,https://github.com/home-assistant/core,home-assistant/core,test 3.5.5,test 3.5.5,no,,,pat1,cache,,1453,3637,223,no,no,no,agreed,,,,,,
49048,https://github.com/hashicorp/packer,hashicorp/packer,test-windows,test-windows,no,,,no,,,369,4240,224,no,no,no,agreed,,,,,,
40979,https://github.com/cri-o/cri-o,cri-o/cri-o,ginkgo,ginkgo,yes,Pattern1,cache,pat1,cache,,226,1575,225,no,no,no,agreed,,,,,,
39513,https://github.com/fluxcd/flux,fluxcd/flux,helm,helm,yes?,Pattern2,"echo ""Not a chart release! Skip chart publish""",no,,,286,1937,226,no,no,no,agreed,It is difficult to define acceleration,,,,,
33596,https://github.com/pytorch/vision,pytorch/vision,binary_linux_wheel_py2.7_cu100,binary_linux_wheel_py2.7_cu100,no,,,no,,,363,1058,227,no,no,no,agreed,,,,,,
32656,https://github.com/composewell/streamly,composewell/streamly,GHCJS 8.4 + no-test + no-docs,GHCJS 8.4 + no-test + no-docs,ERROR,,,-,,,200,275,228,#N/A,#N/A,,error,,,,,,
30698,https://github.com/neomake/neomake,neomake/neomake,coverage,coverage,no,,,no,,,262,755,229,no,no,no,agreed,,,,,,
54641,https://github.com/raiden-network/raiden,raiden-network/raiden,test-3.7-mocked,test-3.7-mocked,No test-3.7-mocked,,,?,,could not find the job,235,1262,230,#N/A,#N/A,yes,error,,,,,,
30555,https://github.com/robolectric/robolectric,robolectric/robolectric,build,build,yes,Pattern1,cache,pat1,cache,,692,7273,231,no,no,no,agreed,,,,,,
31473,https://github.com/ethereum/solidity,ethereum/solidity,b_ubu_static,b_ubu_static,no,,,no,,,979,2220,232,no,no,no,agreed,,,,,,
43774,https://github.com/cahirwpz/mimiker,cahirwpz/mimiker,compile,compile,yes,Pattern1,cache,pat1,cache,,305,1148,233,no,no,no,agreed,,,,,,
50422,https://github.com/palantir/conjure-java-runtime,palantir/conjure-java-runtime,trial-publish,trial-publish,yes,Pattern1,cache,pat1,cache,,223,1692,234,no,no,no,agreed,,,,,,
41074,https://github.com/dequelabs/axe-core,dequelabs/axe-core,test_examples,test_examples,yes,Pattern1,cache,no?,cache,cache not saved,260,2435,235,no,no,no,agreed,,,,,,
56710,https://github.com/hashicorp/nomad,hashicorp/nomad,test-docker,test-docker,yes?,Pattern2,backend_test_branches_filter,no,,,986,8318,236,yes,no,no,conflicted,,"filter is platform provided
https://support.circleci.com/hc/en-us/articles/115015953868-Filter-workflows-by-branch-",,,,
41545,https://github.com/apollographql/apollo-client,apollographql/apollo-client,Tests,Tests,yes,Pattern1,cache,pat1,cache,,1039,4270,237,no,no,no,agreed,,,,,,
33292,https://github.com/rakudo/rakudo,rakudo/rakudo,test-macos-2,test-macos-2,No test-macos-2,,,no,,,212,2051,238,no,no,no,agreed,,,,,,
34681,https://github.com/freedomofpress/securedrop,freedomofpress/securedrop,fetch-tor-debs,fetch-tor-debs,no,,,no,,,216,648,239,no,no,no,agreed,,,,,,
31757,https://github.com/gatsbyjs/gatsby,gatsbyjs/gatsby,integration_tests_artifacts,integration_tests_artifacts,yes,Pattern2,"      - unless:
          condition: << parameters.skip_file_change_test >>",no? pat1?,cache?,"only use, do not save
has distinct",903,3982,240,yes,no,yes,conflicted,https://github.com/gatsbyjs/gatsby/blob/14d3be3fd4009a7f24ea9ed9c92b26ae5e8e4940/scripts/assert-changed-files.sh,,,,,
55648,https://github.com/hashicorp/packer,hashicorp/packer,build_windows,build_windows,yes,Pattern1,cache: /pkg/,no,,,458,6209,241,no,no,no,agreed,,,,,,
41455,https://github.com/grafana/loki,grafana/loki,build/docker-driver,build/docker-driver,no,,,no?,,,247,2835,242,no,no,no,agreed,,,,,,
51102,https://github.com/facebook/buck,facebook/buck,linux_test_android_ndk_18,linux_test_android_ndk_18,no,,,no,,,221,1089,243,no,no,no,agreed,,,,,,
31874,https://github.com/hashicorp/consul,hashicorp/consul,envoy-integration-test-1.13.0,envoy-integration-test-1.13.0,no,,,no,,"distinct, docker?",296,680,244,no,no,no,agreed,,,,,,
43674,https://github.com/bootstrap-vue/bootstrap-vue,bootstrap-vue/bootstrap-vue,setup,setup,yes,Pattern1,cache,pat1,cache,,2448,20563,245,no,no,no,agreed,,,,,,
32497,https://github.com/cloudify-cosmo/cloudify-manager,cloudify-cosmo/cloudify-manager,test_clientv3_infrastructure,test_clientv3_infrastructure,no,,,no,,,221,2471,246,no,no,no,agreed,,,,,,
42486,https://github.com/zulip/zulip,zulip/zulip,bionic-production-install,bionic-production-install,yes,Pattern1,cache,pat1,cache,,967,4245,247,no,no,no,agreed,,,,,,
42153,https://github.com/compsocialscience/summer-institute,compsocialscience/summer-institute,build,build,yes,Pattern1,cache,pat1,cache,,1130,3663,248,no,no,no,agreed,,,,,,
33479,https://github.com/ethereum/solidity,ethereum/solidity,t_ems_compile_ext_gnosis,t_ems_compile_ext_gnosis,no,,,no,,,910,8726,249,no,no,no,agreed,,,,,,
31800,https://github.com/angular/components,angular/components,ivy_snapshot_test_cronjob,ivy_snapshot_test_cronjob,yes,Pattern1,cache,pat1?,cache,,500,1982,250,no,no,no,agreed,,,,,,
39465,https://github.com/gatsbyjs/gatsby,gatsbyjs/gatsby,theme_starters_publish,theme_starters_publish,yes,Pattern1,cache,pat1,,,211,211,251,no,no,no,agreed,,,,,,
40195,https://github.com/envoyproxy/envoy,envoyproxy/envoy,coverage_publish,coverage_publish,no,,,no,,,945,7433,252,no,no,no,agreed,,,,,,
37140,https://github.com/ethereum/solidity,ethereum/solidity,t_ems_test_ext_ens,t_ems_test_ext_ens,no,,,no,,,674,759,253,no,no,no,agreed,,,,,,
32664,https://github.com/artsy/force,artsy/force,test,test,no,,,no,,,442,6311,254,no,no,no,agreed,,,,,,
30148,https://github.com/alteryx/featuretools,alteryx/featuretools,py38 install featuretools,py38 install featuretools,no,,,no,,,294,646,255,no,no,no,agreed,,,,,,
30379,https://github.com/pytorch/vision,pytorch/vision,binary_linux_conda_py3.7_cu101,binary_linux_conda_py3.7_cu101,no,,filter?,no,,,549,3323,256,no,no,no,agreed,,,,,,
42213,https://github.com/badges/shields,badges/shields,services@node-14,services@node-14,no,,,no,,,323,1125,257,no,no,no,agreed,,,,,,
35850,https://github.com/facebook/react,facebook/react,test_devtools,test_devtools,yes,Pattern1,cache,no?,,cache is in setup step,436,1150,258,no,no,no,agreed,,,,,,
41911,https://github.com/vanilla/vanilla,vanilla/vanilla,chromatic_test,chromatic_test,yes?,Pattern2, circleci-agent step halt,no,,,477,2752,259,no,no,no,agreed,,,,,,
40615,https://github.com/MCS-Lite/mcs-lite,MCS-Lite/mcs-lite,test-page,test-page,no,,,no,,,394,715,260,no,no,no,agreed,,,,,,
38334,https://github.com/cucumber/cucumber,cucumber/cucumber,messages-go,messages-go,no,,,no,,,461,2718,261,no,no,no,agreed,,,,,,
42941,https://github.com/facebook/react,facebook/react,test_source,test_source,yes,Pattern1,cache,no?,,cache is in setup step,469,3980,262,no,no,no,agreed,,,,,,
36387,https://github.com/Azure/acs-engine,Azure/acs-engine,k8s-windows-1.9-release-e2e,k8s-windows-1.9-release-e2e,no,,,no,,,260,1369,263,no,no,no,agreed,,,,,,
41346,https://github.com/cucumber/cucumber,cucumber/cucumber,json-formatter-ruby,json-formatter-ruby,no,,,no,,,351,1807,264,no,no,no,agreed,,,,,,
38253,https://github.com/samvera/hyrax,samvera/hyrax,lint,lint,no,,,pat1?,,"samvera/rubocop uses cache
https://circleci.com/developer/orbs/orb/samvera/circleci-orb#commands-rubocop",291,2707,265,no,no,no,agreed,,,,,,
47262,https://github.com/citusdata/citus,citusdata/citus,test-12_check-multi,test-12_check-multi,no,,,no,,,580,5778,266,no,no,no,agreed,,,,,,
33980,https://github.com/badges/shields,badges/shields,frontend,frontend,no,,,no,,,980,13905,267,no,no,no,agreed,,,,,,
51246,https://github.com/citusdata/citus,citusdata/citus,test-12_check-non-adaptive-isolation,test-12_check-non-adaptive-isolation,no,,,no,,,234,251,268,no,no,no,agreed,,,,,,
35657,https://github.com/alchemy-fr/Phraseanet,alchemy-fr/Phraseanet,build,build,yes,Pattern1 and Pattern2?,"Clazy build time ...:
        - run: case $CIRCLE_NODE_INDEX in 0) EXIT=0; php -d memory_limit=-1 bin/phpunit --log-junit $CIRCLE_TEST_REPORTS/phpunit/junit-unit.xml --exclude-group legacy || EXIT=$?; php -d memory_limit=-1 bin/phpunit --log-junit $CIRCLE_TEST_REPORTS/phpunit/junit-legacy-no-web.xml --group legacy --exclude-group web || EXIT=$?; exit $EXIT;; 1) php -d memory_limit=-1 bin/phpunit --log-junit $CIRCLE_TEST_REPORTS/phpunit/junit-legacy-web.xml --group web ;; esac
",no,,,281,2635,269,no,no,no,agreed,,,,,,
33915,https://github.com/googleapis/gapic-showcase,googleapis/gapic-showcase,protobufjs-load-test,protobufjs-load-test,no,,,no,,,547,1908,270,no,no,no,agreed,,,,,,
44959,https://github.com/grafana/grafana,grafana/grafana,build-all,build-all,no,,,pat1,cache,,519,4960,271,no,no,no,agreed,,,,,,
30497,https://github.com/facebook/react,facebook/react,yarn_test-www_prod_variant,yarn_test-www_prod_variant,no,,,no?,,cache is in setup step,408,800,272,no,no,no,agreed,,,,,,
36002,https://github.com/gatsbyjs/gatsby,gatsbyjs/gatsby,theme_starters_validate,theme_starters_validate,yes,Pattern2,"assert-changed-files.sh:
  circleci step halt || exit 1",pat2,git,git diff,414,414,273,yes,yes,yes,agreed,,,,,,
39845,https://github.com/gatsbyjs/gatsby,gatsbyjs/gatsby,e2e_tests_runtime,e2e_tests_runtime,yes,Pattern1 and Pattern2?,assert-changed-files.sh,no? pat1?,cache?,"only use, do not save
has distinct",1326,2834,274,yes,no,yes,conflicted,https://github.com/gatsbyjs/gatsby/blob/b6a2e765663a6e1ba7ed8c113e0b184653ac2c2c/scripts/assert-changed-files.sh,halt,,,,
40366,https://github.com/googleapis/gapic-generator-typescript,googleapis/gapic-generator-typescript,showcaseLibTest,showcaseLibTest,no,,,no,,,286,2134,275,no,no,no,agreed,,,,,,
39244,https://github.com/olistic/warriorjs,olistic/warriorjs,test-node-9,test-node-9,yes,Pattern1,cache,pat1,cache,,261,404,276,no,no,no,agreed,,,,,,
40462,https://github.com/anchore/anchore-engine,anchore/anchore-engine,lint_36,lint_36,no,,,pat1,cache,defined in command,208,372,277,no,no,no,agreed,,,,,,
35803,https://github.com/electron/electron,electron/electron,linux-checkout-fast,linux-checkout-fast,yes,Pattern1 and Pattern2?,"step-maybe-early-exit-doc-only-change: &step-maybe-early-exit-doc-only-change
  run:
    name: Shortcircuit build if doc only change
    command: |
      if [ -s src/electron/.skip-ci-build ]; then
        circleci-agent step halt",pat1,cache,,1323,15148,278,yes,no,yes,conflicted,,"two pattern-2 accels
First: Shortcircuit build if doc only change
Second: Gclient sync","The second is conflicting, but at least this job has at least one p2 acceleration",,,
34531,https://github.com/cucumber/cucumber,cucumber/cucumber,gherkin-go,gherkin-go,no,,,no,,,414,3624,279,no,no,no,agreed,,,,,,
56006,https://github.com/api-platform/core,api-platform/core,behat-mongodb-coverage,behat-mongodb-coverage,yes,Pattern1,cache,pat1,cache,,228,848,280,no,no,no,agreed,,,,,,
29841,https://github.com/vanilla/vanilla,vanilla/vanilla,php_72_integration,php_72_integration,no,,,no,,,586,5475,281,no,no,no,agreed,,,,,,
36655,https://github.com/ethereum/solidity,ethereum/solidity,build_x86_mac,build_x86_mac,no,,,no,,,796,8958,282,no,no,no,agreed,,,,,,
36361,https://github.com/apollographql/apollo-client,apollographql/apollo-client,Apollo Client,Apollo Client,yes,Pattern1,cache,pat1,cache,,491,1518,283,no,no,no,agreed,,,,,,
35102,https://github.com/ethereum/solidity,ethereum/solidity,test_x86_archlinux,test_x86_archlinux,no,,,no,,,757,4302,284,no,no,no,agreed,,,,,,
38513,https://github.com/demisto/content,demisto/content,Run Unit Testing And Lint,Run Unit Testing And Lint,yes,Pattern2, SHOULD_LINT_ALL=$(./Tests/scripts/should_lint_all.sh),no?,cache,cache not saved,2899,15353,285,yes,no,yes,conflicted,https://github.com/demisto/content/blob/master/Tests/scripts/should_lint_all.sh,,,,,
30153,https://github.com/storybookjs/storybook,storybookjs/storybook,cli,cli,yes,Pattern1,cache,no,,,425,1562,286,no,no,no,agreed,,,,,,
54620,https://github.com/elementor/elementor,elementor/elementor,php55-wp-latest-build,php55-wp-latest-build,no,,,no,,,299,1763,287,no,no,no,agreed,,,,,,
40830,https://github.com/helm/charts,helm/charts,lint-charts,lint-charts,no,,,no,,,2171,38953,288,no,no,no,agreed,,,,,,
35772,https://github.com/projectbuendia/buendia,projectbuendia/buendia,build,build,yes,Pattern1,cache,pat1,cache,,222,767,289,no,no,no,agreed,,,,,,
34615,https://github.com/facebook/jest,facebook/jest,test-browser,test-browser,yes,Pattern1,cache,pat1,cache,,727,8646,290,no,no,no,agreed,,,,,,
40861,https://github.com/Azure/acs-engine,Azure/acs-engine,swarm-e2e,swarm-e2e,no,,,no,,,285,784,291,no,no,no,agreed,,,,,,
49805,https://github.com/cds-snc/digital-canada-ca,cds-snc/digital-canada-ca,test,test,yes,Pattern1,cache,no,,cache are for other purpose,404,5102,292,no,no,no,agreed,,,,,,
42472,https://github.com/angular/angular,angular/angular,build-npm-packages,build-npm-packages,yes,Pattern1,cache(workspace),no,cache?,"although save cache, only for subsequent runs
components-repo-unit-tests used",2109,33048,293,no,no,no,agreed,,,,,,
45194,https://github.com/ethereum/solidity,ethereum/solidity,t_win,t_win,no,,,no,,,677,2110,294,no,no,no,agreed,,,,,,
33508,https://github.com/RocketChat/Rocket.Chat.Android,RocketChat/Rocket.Chat.Android,build-foss-apk,build-foss-apk,yes,Pattern1,cache,no?,,cache is for other purpose,200,1304,295,no,no,no,agreed,,,,,,
30863,https://github.com/pytorch/vision,pytorch/vision,binary_macos_conda_py3.6_cpu,binary_macos_conda_py3.6_cpu,no,,,no,,,535,3662,296,no,no,no,agreed,,,,,,
29349,https://github.com/facebook/react,facebook/react,test_source_fire,test_source_fire,yes,Pattern1,cache,no?,,cache is in setup step,424,620,297,no,no,no,agreed,,,,,,
32842,https://github.com/pytorch/vision,pytorch/vision,binary_linux_wheel_py2.7u_cpu,binary_linux_wheel_py2.7u_cpu,no,,,no,,,371,1054,298,no,no,no,agreed,,,,,,
39180,https://github.com/cucumber/cucumber,cucumber/cucumber,create-meta-javascript,create-meta-javascript,yes,Pattern1,cache(workspace),no,,,458,1577,299,no,no,no,agreed,,,,,,
41978,https://github.com/facebook/react,facebook/react,yarn_test-classic_prod,yarn_test-classic_prod,yes,Pattern1,cache,no?,,cache is in setup step,405,806,300,no,no,no,agreed,,,,,,
56707,https://github.com/facebook/buck,facebook/buck,linux_test_android_ndk_16,linux_test_android_ndk_16,no,,,no,,,219,1080,301,no,no,no,agreed,,,,,,
41100,https://github.com/uktrade/data-hub-frontend,uktrade/data-hub-frontend,lep_staff_at,lep_staff_at,yes,Pattern1,cache,no?,,cache is in dependencies,238,2893,302,no,no,no,agreed,,,,,,
38855,https://github.com/userdive/agent.js,userdive/agent.js,test,test,yes,Pattern1,cache,no,type?,cache is in build,259,514,303,no,no,no,agreed,,,,,,
39228,https://github.com/grpc-ecosystem/grpc-gateway,grpc-ecosystem/grpc-gateway,test,test,no,,,no,,,406,2431,304,no,no,no,agreed,,,,,,
51026,https://github.com/raiden-network/raiden,raiden-network/raiden,smoketest-udp-3.6,smoketest-udp-3.6,no,,,no,,,510,845,305,no,no,no,agreed,,,,,,
44054,https://github.com/envoyproxy/envoy,envoyproxy/envoy,compile_time_options,compile_time_options,no,,,no,,,1023,6301,306,no,no,no,agreed,,,,,,
42114,https://github.com/cBioPortal/cbioportal-frontend,cBioPortal/cbioportal-frontend,install,install,yes,Pattern1 and Pattern2,"          command: ""cat yarn.lock $(find src/ -type f | sort) $(find packages/ -type f | sort) webpack.config.js vendor-bundles.webpack.config.js > has_source_changed""
",pat1,cache,,754,14122,307,yes,no,yes,conflicted,"Interesting approach:　
          name: ""Run build if no dist folder""
          command: 'ls dist || yarn run build'",https://github.com/cBioPortal/cbioportal-frontend/blob/0c39540abe51e3cc19d1a4828f4745a503aca6a2/.circleci/config.yml#L84,This is interesting. They hashed all source files as cache key. They only skip build when no source files are changed.,,,
33524,https://github.com/ethereum/solidity,ethereum/solidity,b_ems,b_ems,no,,,no,,,1020,12642,308,no,no,no,agreed,,,,,,
48112,https://github.com/elementor/elementor,elementor/elementor,php54-wp49-build,php54-wp49-build,no,,,no,,,267,482,309,no,no,no,agreed,,,,,,
31633,https://github.com/ant-design/ant-design,ant-design/ant-design,lint,lint,no,,,no,,,1125,18069,310,no,no,no,agreed,,,,,,
44068,https://github.com/tendermint/tendermint,tendermint/tendermint,test_abci_cli,test_abci_cli,no,,,pat1,cache,,540,8453,311,no,no,no,agreed,,,,,,
31715,https://github.com/algolia/algoliasearch-helper-js,algolia/algoliasearch-helper-js,build,build,yes,Pattern1,cache,pat1,cache,,304,675,312,no,no,no,agreed,,,,,,
51598,https://github.com/rubocop-hq/rubocop,rubocop-hq/rubocop,ruby-head-rubocop-with-jit,ruby-head-rubocop-with-jit,no,,,no,,,227,1059,313,no,no,no,agreed,,,,,,
44895,https://github.com/algolia/instantsearch.js,algolia/instantsearch.js,test_unit,test_unit,yes,Pattern1,cache,pat1,cache,,493,2959,314,no,no,no,agreed,,,,,,
47092,https://github.com/palantir/conjure-java-runtime,palantir/conjure-java-runtime,unit-test,unit-test,yes?,Pattern1 and Pattern2," mkdir -p ~/junit && find . -type f -regex "".*/build/.*TEST.*xml"" -exec cp --parents {} ~/junit/ \;",pat1,cache,,208,1821,315,no,no,no,agreed,,,,,,
31153,https://github.com/artsy/reaction,artsy/reaction,type-check,type-check,no,,,no,,,643,3032,316,no,no,no,agreed,,,,,,
42737,https://github.com/electron/electron,electron/electron,linux-arm-testing,linux-arm-testing,yes,Pattern1 and Pattern2,"if node script/doc-only-change.js --prNumber=$CIRCLE_PR_NUMBER --prURL=$CIRCLE_PULL_REQUEST --prBranch=$CIRCLE_BRANCH; then
        #PR is doc only change; save file with value true to indicate doc only change
        echo ""true"" > .skip-ci-build",pat1,cache,,1191,23090,317,yes,no,yes,conflicted,,https://github.com/electron/electron/blob/8c305b4113b4b62e84e847e004e33ba98ec80592/.circleci/config.yml#L1028,the accelerated may be treated as outliers. Need to fix that,,,
38248,https://github.com/apollographql/apollo-server,apollographql/apollo-server,NodeJS 12,NodeJS 12,yes?,Pattern1,npm_clean_install_with_caching,pat1,cached job,,1049,7560,318,no,no,no,agreed,,,,,,
30636,https://github.com/forcedotcom/salesforcedx-vscode,forcedotcom/salesforcedx-vscode,unit-tests,unit-tests,no,,,pat1,cache,dependency cache,397,2216,319,no,no,no,agreed,,,,,,
49168,https://github.com/massgov/mayflower,massgov/mayflower,build,build,yes,Pattern1,cache,pat1,cache,,329,880,320,no,no,no,agreed,,,,,,
52774,https://github.com/raiden-network/raiden,raiden-network/raiden,test-unit-3.6,test-unit-3.6,yes,Pattern1,cache,pat1? Pat2?,share data,share coverage data between builds,487,816,321,no,no,no,agreed,This is similar to Line 113 and 204. Keep consistency,,,,,
43156,https://github.com/facebook/react,facebook/react,build,build,yes,Pattern1,cache,no?,,cache is in setup step,514,4163,322,no,no,no,agreed,,,,,,
54299,https://github.com/PyTorchLightning/pytorch-lightning,PyTorchLightning/pytorch-lightning,PyTorch-v1.1,PyTorch-v1.1,no,,,no,,,528,926,323,no,no,no,agreed,,,,,,
37970,https://github.com/ory/hydra,ory/hydra,test,test,yes,Pattern1,cache,pat1,cache,,197,2390,324,no,no,no,agreed,,,,,,
37571,https://github.com/angular/angular,angular/angular,test_saucelabs_bazel,test_saucelabs_bazel,no,,,no,,,1522,6822,325,no,no,no,agreed,,,,,,
32177,https://github.com/Azure/acs-engine,Azure/acs-engine,k8s-linux-default-e2e,k8s-linux-default-e2e,no,,,no,,,364,2372,326,no,no,no,agreed,,,,,,
41740,https://github.com/Automattic/simplenote-electron,Automattic/simplenote-electron,artifacts,artifacts,no,,,no,,,235,3184,327,no,no,no,agreed,,,,,,
30409,https://github.com/tootsuite/mastodon,tootsuite/mastodon,install-ruby2.6,install-ruby2.6,yes,Pattern1,cache,pat1,cache,,799,11077,328,no,no,no,agreed,,,,,,
39290,https://github.com/artsy/force,artsy/force,jest-v2,jest-v2,no,,,no,,,463,1210,329,no,no,no,agreed,,,,,,
38079,https://github.com/nusmodifications/nusmods,nusmodifications/nusmods,nus-scrapers-v2,nus-scrapers-v2,no,,,no,,,767,11247,330,no,no,no,agreed,,,,,,
42544,https://github.com/bazelbuild/rules_nodejs,bazelbuild/rules_nodejs,setup,setup,no,,,pat1,cache,,483,5913,331,no,no,no,agreed,,,,,,
44950,https://github.com/expo/expo,expo/expo,android_test_suite,android_test_suite,yes,Pattern1,cache,pat1,cache,,316,1769,332,no,no,no,agreed,,,,,,
37035,https://github.com/electron/electron,electron/electron,linux-x64-testing-verify-ffmpeg,linux-x64-testing-verify-ffmpeg,no,,,no,,,259,487,333,no,no,no,agreed,,,,,,
52223,https://github.com/LLK/scratch-gui,LLK/scratch-gui,store_dist,store_dist,yes,Pattern1,cache,no,,use data from unit,558,2562,334,no,no,no,agreed,,,,,,
48332,https://github.com/wordpress-mobile/WordPress-iOS,wordpress-mobile/WordPress-iOS,UI Tests (iPhone 11),UI Tests (iPhone 11),no,,,no?,,orb not found,509,2481,335,no,no,no,agreed,,,,,,
29335,https://github.com/simdjson/simdjson,simdjson/simdjson,gcc-avx-dynamic,gcc-avx-dynamic,no,,,no,,,338,1302,336,no,no,no,agreed,,,,,,
35989,https://github.com/tendermint/tendermint,tendermint/tendermint,test_p2p_ipv6,test_p2p_ipv6,no,,,no,,,570,3422,337,no,no,no,agreed,,,,,,
34748,https://github.com/aeternity/aeternity,aeternity/aeternity,test_lima_otp21,test_lima_otp21,yes,Pattern1,cache,no?,,"although restore, didn't save",329,494,338,no,no,no,agreed,,,,,,
31055,https://github.com/angular/angular-cli,angular/angular-cli,e2e-cli-win,e2e-cli-win,no,,,no,,,259,2815,339,no,no,no,agreed,,,,,,